dataset,model,RMSE,MAE,R2,NASA_score
FD001 official test,Random Forest,18.69466721935522,13.631658029294236,0.7976161127380812,623.1978770901467
