,train_lifetime,test_observed_cycles
count,100.0,100.0
mean,206.31,130.96
std,46.3427492067573,53.5934791751852
min,128.0,31.0
25%,177.0,88.75
50%,199.0,133.5
75%,229.25,164.25
max,362.0,303.0
